ano,valorVendas
2020,1316561351.559996
2021,1119243212.8899968